axis,param,value,seed,n_steps,n_cancer,n_genes,shannon,n_subclones,tmb,tmb_frac,driver_enrichment,clone_confinement,fga,mean_ploidy,hypoxia_contrast,vaf_1f_rsq,degenerate,flags
mutation_rate,mutation_rate,0.001,0,1600,926,1000,0.1385374940042221,1,0.029157667386609073,2.9157667386609073e-05,1.9790058875432828,,0.0019438444924406045,1.999352051835853,,,True,monoclonal|low_mutation
mutation_rate,mutation_rate,0.001,1,1600,916,1000,0.21525895969719644,1,0.02292576419213974,2.292576419213974e-05,2.046160138630012,,0.00480349344978166,1.996069868995633,,,True,monoclonal|low_mutation
mutation_rate,mutation_rate,0.001,2,1600,934,1000,0.2058014357877487,1,0.033190578158458245,3.319057815845824e-05,3.559168361891134,,0.0034261241970021425,1.9982869379014985,,,True,monoclonal|low_mutation
mutation_rate,mutation_rate,0.02,0,1600,952,1000,3.6561078740551003,12,5.359243697478991,0.005359243697478991,1.8970588175052172,0.26800364332755056,0.057352941176470676,2.0065126050420172,,0.8591953804728427,False,
mutation_rate,mutation_rate,0.02,1,1600,978,1000,3.773628260812663,13,4.2218813905930475,0.004221881390593048,1.65545150729124,0.26686607118682193,0.056237218813906004,1.9944785276073613,,0.6628109042801578,False,
mutation_rate,mutation_rate,0.02,2,1600,922,1000,3.752030774544262,14,4.078091106290673,0.004078091106290673,1.3673188581815292,0.2987621916728078,0.10607375271149698,2.011930585683297,,0.8125702248118397,False,
mutation_rate,mutation_rate,0.1,0,1600,1198,1000,5.632755623520041,10,14.413188647746244,0.014413188647746244,1.429732599422777,0.36057992198205324,0.32888146911519067,2.317362270450745,,0.9348975356904485,False,
mutation_rate,mutation_rate,0.1,1,1600,1174,1000,5.549807590249527,11,11.85519591141397,0.011855195911413971,1.5334317968615914,0.2524176144537418,0.32810902896081573,2.327427597955707,,0.935293951878501,False,
mutation_rate,mutation_rate,0.1,2,1600,1196,1000,5.7135817796701005,15,12.605351170568563,0.012605351170568562,1.3248058259773028,0.3596254447431263,0.3596989966555168,2.2899665551839434,,0.966516694724953,False,
mutation_rate,mutation_rate,0.2,0,1600,1220,1000,6.17484065858042,6,18.068852459016394,0.018068852459016394,1.325042790255842,0.33757740555605387,0.40147540983606417,2.3996721311475433,,0.7991528331627283,False,
mutation_rate,mutation_rate,0.2,1,1600,1230,1000,6.178139507366833,5,17.797560975609755,0.017797560975609757,1.3005728141924158,0.29092388950666204,0.4052032520325186,2.3752845528455286,,0.7354270395052582,False,
mutation_rate,mutation_rate,0.2,2,1600,1170,1000,6.15853115887259,7,10.246153846153845,0.010246153846153846,1.7074055794555854,0.324566465402499,0.3936752136752118,2.054700854700853,,0.5122549508103558,False,
mutation_rate,mutation_rate,0.5,0,1600,1244,1000,6.727145837800425,0,21.487942122186496,0.021487942122186496,0.8930243274065489,,0.37765273311896896,2.32443729903537,,0.7562416611914533,False,
mutation_rate,mutation_rate,0.5,1,1600,1244,1000,6.733570298698602,0,19.833601286173632,0.019833601286173633,0.9464901966284612,,0.3680064308681644,2.3467845659163973,,0.7140248534953388,False,
mutation_rate,mutation_rate,0.5,2,1600,1240,1000,6.724039368332871,0,22.337096774193547,0.022337096774193547,0.9076954882849906,,0.3669354838709651,2.3943548387096785,,0.7268666272825295,False,
mutation_rate,mutation_rate,1.0,0,1600,1216,1000,6.88084735488516,0,17.279605263157894,0.017279605263157895,1.2414796037180655,,0.43371710526315654,2.4050986842105226,,0.4688394588919953,False,
mutation_rate,mutation_rate,1.0,1,1600,1248,1000,6.928662843116223,0,16.197115384615383,0.016197115384615383,1.3411887731266443,,0.3900641025641002,2.439423076923077,,0.7824432519300368,False,
mutation_rate,mutation_rate,1.0,2,1600,1228,1000,6.907651984283634,0,17.553745928338763,0.017553745928338763,1.2774563567311708,,0.39983713355048595,2.3252442996742655,,0.9675005986047931,False,
mutation_rate,mutation_rate,2.0,0,1600,1196,1000,6.9765999191484145,0,10.923076923076923,0.010923076923076923,0.9262563702897674,,0.6464882943143802,1.8362876254180562,,0.9536941880495537,False,
mutation_rate,mutation_rate,2.0,1,1600,1212,1000,6.986767889552011,0,11.617986798679867,0.011617986798679867,1.4013365009134624,,0.6123762376237637,2.0202970297029723,,0.8388022787742411,False,
mutation_rate,mutation_rate,2.0,2,1600,1226,1000,7.007184236101884,0,17.650081566068515,0.017650081566068516,1.426527106433322,,0.41272430668841587,2.3642740619902174,,0.9246022809448339,False,
mutation_rate,mutation_rate,4.0,0,1600,1208,1000,7.043065718810121,0,13.179635761589404,0.013179635761589405,1.1121931417439967,,0.6355960264900669,1.9140728476821167,,0.8427416856584411,False,
mutation_rate,mutation_rate,4.0,1,1600,1224,1000,7.051689707712077,0,14.17483660130719,0.01417483660130719,0.9463816241836026,,0.6854575163398682,2.0565359477124177,,0.8584459427367693,False,
mutation_rate,mutation_rate,4.0,2,1600,1214,1000,7.043997704510766,0,16.669686985172984,0.016669686985172984,1.875213230175776,,0.4288303130148257,2.281548599670518,,0.9544726015261761,False,
n_snvs_per_allele,n_snvs_per_allele,0.01,0,1600,1132,1000,6.278703135277266,4,3.154593639575972,0.003154593639575972,0.5232165574792558,0.2877105542829598,0.3286219081272069,2.194699646643111,,0.3197351671081067,False,
n_snvs_per_allele,n_snvs_per_allele,0.01,1,1600,1112,1000,6.242932746106643,2,3.185251798561151,0.003185251798561151,0.7230877720756892,0.06991473995482855,0.3411870503597104,2.1951438848920874,,0.10670648465656152,True,well_mixed
n_snvs_per_allele,n_snvs_per_allele,0.01,2,1600,1246,1000,6.137289129760539,7,2.5609951845906904,0.0025609951845906903,0.9078407605459043,0.23274062099209203,0.6396468699839487,1.9089887640449401,,0.7480935479344974,False,
n_snvs_per_allele,n_snvs_per_allele,0.1,0,1600,1180,1000,6.199119786891115,7,4.476271186440678,0.0044762711864406775,0.8226108226073748,0.3686410286681404,0.29932203389830336,2.223389830508478,,,False,
n_snvs_per_allele,n_snvs_per_allele,0.1,1,1600,1146,1000,6.191805161550159,6,4.801047120418848,0.004801047120418848,0.7479479497225353,0.22093470052290298,0.3158813263525285,2.213089005235605,,,False,
n_snvs_per_allele,n_snvs_per_allele,0.1,2,1600,1224,1000,6.172348600973346,7,4.675653594771242,0.004675653594771242,2.7279065889122642,0.29885788135304026,0.6102941176470595,1.9511437908496696,,0.8942539655543095,False,
n_snvs_per_allele,n_snvs_per_allele,0.3,0,1600,1220,1000,6.17484065858042,6,18.068852459016394,0.018068852459016394,1.325042790255842,0.33757740555605387,0.40147540983606417,2.3996721311475433,,0.7991528331627283,False,
n_snvs_per_allele,n_snvs_per_allele,0.3,1,1600,1230,1000,6.178139507366833,5,17.797560975609755,0.017797560975609757,1.3005728141924158,0.29092388950666204,0.4052032520325186,2.3752845528455286,,0.7354270395052582,False,
n_snvs_per_allele,n_snvs_per_allele,0.3,2,1600,1170,1000,6.15853115887259,7,10.246153846153845,0.010246153846153846,1.7074055794555854,0.324566465402499,0.3936752136752118,2.054700854700853,,0.5122549508103558,False,
n_snvs_per_allele,n_snvs_per_allele,1.0,0,1600,1200,1000,6.018168575047835,8,33.37833333333333,0.03337833333333333,1.0579807538750112,0.2997732362116947,0.31633333333333136,2.244999999999996,,0.679943514582638,False,
n_snvs_per_allele,n_snvs_per_allele,1.0,1,1600,1202,1000,6.105897303676565,5,33.5,0.0335,1.0811669250789413,0.3376513678143348,0.3321131447587336,2.2169717138103175,,0.8099089869193081,False,
n_snvs_per_allele,n_snvs_per_allele,1.0,2,1600,1242,1000,5.881963060604706,4,19.165056360708533,0.019165056360708532,0.6844142848003023,0.3644990650408514,0.6980676328502389,1.7214170692431525,,0.9523572831537397,False,
n_snvs_per_allele,n_snvs_per_allele,3.0,0,1600,1282,1000,5.460773203985043,17,108.14586583463338,0.10814586583463338,0.8419872049717337,0.37548102139929784,0.327613104524179,2.292667706708268,,0.8768096601833842,False,
n_snvs_per_allele,n_snvs_per_allele,3.0,1,1600,1254,1000,5.72904790240765,13,95.23763955342903,0.09523763955342904,0.9932018562440471,0.3294490837867019,0.2700159489633157,2.1578947368421004,,0.9184188488097509,False,
n_snvs_per_allele,n_snvs_per_allele,3.0,2,1600,1268,1000,5.498208328172334,14,102.6198738170347,0.1026198738170347,1.0736089701805596,0.3186559880976988,0.3184542586750769,2.2722397476340697,,0.9693325454846402,False,
n_snvs_per_allele,n_snvs_per_allele,8.0,0,1600,1290,1000,4.644371251916457,14,204.51085271317828,0.2045108527131783,0.9793788478692154,0.24610795457911394,0.35813953488372013,2.2488372093023226,,0.9769699560736815,False,
n_snvs_per_allele,n_snvs_per_allele,8.0,1,1600,1280,1000,4.553068548960896,19,207.94140625,0.20794140625,0.9274270780101398,0.19152866991947304,0.40374999999999933,2.359062499999998,,0.9557608603401879,False,
n_snvs_per_allele,n_snvs_per_allele,8.0,2,1600,1276,1000,4.618849295602489,17,209.58228840125392,0.20958228840125392,0.9400519293608612,0.19119541041878663,0.3537617554858925,2.261598746081504,,0.9700092326448887,False,
death_rate,death_rate,0.02,0,1600,1220,1000,6.17484065858042,6,18.068852459016394,0.018068852459016394,1.325042790255842,0.33757740555605387,0.40147540983606417,2.3996721311475433,,0.7991528331627283,False,
death_rate,death_rate,0.02,1,1600,1230,1000,6.178139507366833,5,17.797560975609755,0.017797560975609757,1.3005728141924158,0.29092388950666204,0.4052032520325186,2.3752845528455286,,0.7354270395052582,False,
death_rate,death_rate,0.02,2,1600,1170,1000,6.15853115887259,7,10.246153846153845,0.010246153846153846,1.7074055794555854,0.324566465402499,0.3936752136752118,2.054700854700853,,0.5122549508103558,False,
death_rate,death_rate,0.1,0,1600,414,1000,5.191679366824803,8,18.603864734299517,0.018603864734299518,1.1367615906768003,0.6200859276987505,0.4439613526570047,1.9642512077294654,,0.6294166292663405,False,
death_rate,death_rate,0.1,1,1600,338,1000,5.275261714069463,10,16.63609467455621,0.01663609467455621,0.9861040032915784,0.7170932027957273,0.31005917159763374,2.0781065088757393,,0.9154976158564666,False,
death_rate,death_rate,0.1,2,1600,460,1000,5.135679748108133,12,23.984782608695653,0.023984782608695653,1.285693860685736,0.5041966163346159,0.4352173913043482,1.9091304347826064,,0.871534994757028,False,
death_rate,death_rate,0.2,0,1600,476,1000,5.292703121078907,14,25.60924369747899,0.02560924369747899,1.1205071707372702,0.5721947788457356,0.3886554621848738,2.4235294117647066,,0.7640285746466485,False,
death_rate,death_rate,0.2,1,1600,366,1000,5.3859206766571,11,20.688524590163933,0.02068852459016393,1.2305664197427126,0.5659800661080716,0.5972677595628412,2.218032786885246,,0.8383169202048169,False,
death_rate,death_rate,0.2,2,1600,0,1000,0.0,0,0.0,0.0,,,,,,,True,extinct
death_rate,death_rate,0.28,0,1600,0,1000,0.0,0,0.0,0.0,,,,,,,True,extinct
death_rate,death_rate,0.28,1,1600,0,1000,0.0,0,0.0,0.0,,,,,,,True,extinct
death_rate,death_rate,0.28,2,1600,0,1000,0.0,0,0.0,0.0,,,,,,,True,extinct
death_rate,death_rate,0.3,0,1600,0,1000,0.0,0,0.0,0.0,,,,,,,True,extinct
death_rate,death_rate,0.3,1,1600,0,1000,0.0,0,0.0,0.0,,,,,,,True,extinct
death_rate,death_rate,0.3,2,1600,0,1000,0.0,0,0.0,0.0,,,,,,,True,extinct
death_rate,death_rate,0.35,0,1600,0,1000,0.0,0,0.0,0.0,,,,,,,True,extinct
death_rate,death_rate,0.35,1,1600,0,1000,0.0,0,0.0,0.0,,,,,,,True,extinct
death_rate,death_rate,0.35,2,1600,0,1000,0.0,0,0.0,0.0,,,,,,,True,extinct
initial_cancer_cells,initial_cancer_cells,1.0,0,1600,0,1000,0.0,0,0.0,0.0,,,,,,,True,extinct
initial_cancer_cells,initial_cancer_cells,1.0,1,1600,0,1000,0.0,0,0.0,0.0,,,,,,,True,extinct
initial_cancer_cells,initial_cancer_cells,1.0,2,1600,420,1000,5.548566473921813,3,13.678571428571429,0.013678571428571429,0.97357709893299,0.5633331756175861,0.6861904761904776,1.9219047619047633,,0.973661431510223,False,
initial_cancer_cells,initial_cancer_cells,2.0,0,1600,0,1000,0.0,0,0.0,0.0,,,,,,,True,extinct
initial_cancer_cells,initial_cancer_cells,2.0,1,1600,421,1000,5.552112501878693,3,13.665083135391924,0.013665083135391925,0.9735085186684815,0.5633331756175861,0.6864608076009515,1.9197149643705478,,0.9737040999603742,False,
initial_cancer_cells,initial_cancer_cells,2.0,2,1600,425,1000,5.208716089747861,11,14.345882352941176,0.014345882352941177,0.34488428409394256,0.6174875035480362,0.5463529411764709,1.8639999999999997,,0.8759755836051707,False,
initial_cancer_cells,initial_cancer_cells,5.0,0,1600,330,1000,5.2529209546167905,8,17.25151515151515,0.01725151515151515,1.0664002187476525,0.6929939420999276,0.42484848484848514,2.05939393939394,,0.9134892893556945,False,
initial_cancer_cells,initial_cancer_cells,5.0,1,1600,426,1000,5.213046016104965,11,14.34037558685446,0.01434037558685446,0.3444692198318125,0.6174875035480362,0.5460093896713618,1.8633802816901404,,0.8759755836051707,False,
initial_cancer_cells,initial_cancer_cells,5.0,2,1600,360,1000,5.137598806878666,16,23.208333333333332,0.02320833333333333,0.9009632046248118,0.5963024717979162,0.6155555555555557,2.171666666666667,,0.7049695006336487,False,
initial_cancer_cells,initial_cancer_cells,10.0,0,1600,330,1000,5.2529209546167905,8,17.25151515151515,0.01725151515151515,1.0664002187476525,0.6929939420999276,0.42484848484848514,2.05939393939394,,0.9134892893556945,False,
initial_cancer_cells,initial_cancer_cells,10.0,1,1600,426,1000,5.213046016104965,11,14.34037558685446,0.01434037558685446,0.3444692198318125,0.6174875035480362,0.5460093896713618,1.8633802816901404,,0.8759755836051707,False,
initial_cancer_cells,initial_cancer_cells,10.0,2,1600,360,1000,5.137598806878666,16,23.208333333333332,0.02320833333333333,0.9009632046248118,0.5963024717979162,0.6155555555555557,2.171666666666667,,0.7049695006336487,False,
initial_cancer_cells,initial_cancer_cells,20.0,0,1600,330,1000,5.2529209546167905,8,17.25151515151515,0.01725151515151515,1.0664002187476525,0.6929939420999276,0.42484848484848514,2.05939393939394,,0.9134892893556945,False,
initial_cancer_cells,initial_cancer_cells,20.0,1,1600,426,1000,5.213046016104965,11,14.34037558685446,0.01434037558685446,0.3444692198318125,0.6174875035480362,0.5460093896713618,1.8633802816901404,,0.8759755836051707,False,
initial_cancer_cells,initial_cancer_cells,20.0,2,1600,360,1000,5.137598806878666,16,23.208333333333332,0.02320833333333333,0.9009632046248118,0.5963024717979162,0.6155555555555557,2.171666666666667,,0.7049695006336487,False,
dispersal_rate,dispersal_rate,0.05,0,1800,1408,1000,6.772722035645359,0,21.025568181818183,0.021025568181818183,0.9530268706869519,,0.38693181818181616,2.3499999999999996,,0.6765423201127616,False,
dispersal_rate,dispersal_rate,0.05,1,1800,1410,1000,6.747782124061506,1,18.780851063829786,0.018780851063829786,0.9886182045173701,,0.370780141843969,2.3449645390070883,,0.7779631524973888,False,
dispersal_rate,dispersal_rate,0.05,2,1800,1412,1000,6.782926321421712,0,21.281869688385267,0.021281869688385267,0.9327640383801481,,0.3756373937677028,2.403257790368269,,0.6966465227595497,False,
dispersal_rate,dispersal_rate,0.1,0,1800,1376,1000,6.276086342256011,6,18.390261627906977,0.018390261627906978,1.3179263143691577,0.3118106040362212,0.40508720930232467,2.4047965116279078,,0.8024319870619655,False,
dispersal_rate,dispersal_rate,0.1,1,1800,1386,1000,6.291127515845371,6,18.12987012987013,0.01812987012987013,1.287947747107218,0.26644567293989996,0.40779220779220643,2.38008658008658,,0.7290363962510648,False,
dispersal_rate,dispersal_rate,0.1,2,1800,1320,1000,6.280422686061305,6,10.337121212121213,0.010337121212121212,1.721726465843115,0.32667925976302303,0.40045454545454356,2.054242424242421,,0.5170295961946098,False,
dispersal_rate,dispersal_rate,0.3,0,1800,1342,1000,5.260761817817496,11,10.631147540983607,0.010631147540983607,1.8463214581864573,0.27049250483250953,0.278688524590162,2.2792846497764523,,0.927501099718827,False,
dispersal_rate,dispersal_rate,0.3,1,1800,1314,1000,5.201598195854734,12,13.11111111111111,0.013111111111111112,1.4502495516562377,0.2509729371274626,0.3312024353120228,2.338508371385084,,0.8219836689674753,False,
dispersal_rate,dispersal_rate,0.3,2,1800,1312,1000,5.329952558738388,14,10.262195121951219,0.010262195121951218,1.88266468756871,0.2884491998305153,0.31265243902438844,2.209908536585363,,0.8225538714831012,False,
dispersal_rate,dispersal_rate,1.0,0,1800,1160,1000,4.092301393378652,17,6.104310344827586,0.006104310344827586,1.9336803874883859,0.30760212050243263,0.09844827586206924,2.048620689655173,,0.7693215290176819,False,
dispersal_rate,dispersal_rate,1.0,1,1800,1118,1000,4.055672100109174,16,3.6359570661896243,0.0036359570661896245,1.6434936032004221,0.32268043159551885,0.08533094812164603,2.000000000000001,,0.6979901417372159,False,
dispersal_rate,dispersal_rate,1.0,2,1800,1110,1000,4.009640161459238,12,4.353153153153153,0.004353153153153153,1.4435586797022435,0.2707917517980828,0.1095495495495498,2.0464864864864847,,0.7990262590633718,False,
dispersal_rate,dispersal_rate,3.0,0,1800,1074,1000,2.798382503098754,12,2.4022346368715084,0.0024022346368715083,0.9167623289191078,0.19856122203158855,0.07076350093109877,2.0452513966480437,,0.17336247377779512,False,
dispersal_rate,dispersal_rate,3.0,1,1800,1074,1000,1.798648627203899,3,0.48324022346368717,0.0004832402234636872,1.0577237085502122,0.04406818610601837,0.04283054003724398,2.013780260707636,,,True,low_mutation|well_mixed
dispersal_rate,dispersal_rate,3.0,2,1800,1062,1000,2.4478418260133603,5,2.1026365348399247,0.0021026365348399247,0.5904735541784286,0.09037349713987242,0.04726930320150664,1.9919020715630882,,0.6080522622559378,True,well_mixed
dispersal_rate,dispersal_rate,8.0,0,1800,1064,1000,0.6585626479222221,2,0.15977443609022557,0.00015977443609022557,2.1700235084346473,0.03898339597989231,0.01541353383458646,1.9870300751879701,,,True,low_mutation|well_mixed
dispersal_rate,dispersal_rate,8.0,1,1800,1038,1000,0.5698045022141377,2,0.2398843930635838,0.0002398843930635838,1.5192725493452115,0.014611780710086397,0.010789980732177261,1.9930635838150281,,,True,low_mutation|well_mixed
dispersal_rate,dispersal_rate,8.0,2,1800,1050,1000,0.6472501097516279,1,0.20095238095238097,0.00020095238095238098,0.7625359725773979,,0.010476190476190474,1.9933333333333338,,,True,low_mutation
driver_effects,driver_effects,1.0,0,1600,814,1000,6.114335250457872,5,8.824324324324325,0.008824324324324324,1.335234996197043,0.46835091627618264,0.3906633906633899,1.9879606879606855,,0.7191679905229249,False,
driver_effects,driver_effects,1.0,1,1600,842,1000,6.0593865332322,4,7.963182897862233,0.007963182897862233,1.2330846826602366,0.4286919628352107,0.35748218527315845,1.9655581947743481,,0.7693557516277385,False,
driver_effects,driver_effects,1.0,2,1600,820,1000,6.0746285116945185,4,8.897560975609757,0.008897560975609757,0.681796916018716,0.12168925328410873,0.5341463414634158,1.796341463414631,,0.5689499640315665,False,
driver_effects,driver_effects,1.1,0,1600,1220,1000,6.17484065858042,6,18.068852459016394,0.018068852459016394,1.325042790255842,0.33757740555605387,0.40147540983606417,2.3996721311475433,,0.7991528331627283,False,
driver_effects,driver_effects,1.1,1,1600,1230,1000,6.178139507366833,5,17.797560975609755,0.017797560975609757,1.3005728141924158,0.29092388950666204,0.4052032520325186,2.3752845528455286,,0.7354270395052582,False,
driver_effects,driver_effects,1.1,2,1600,1170,1000,6.15853115887259,7,10.246153846153845,0.010246153846153846,1.7074055794555854,0.324566465402499,0.3936752136752118,2.054700854700853,,0.5122549508103558,False,
driver_effects,driver_effects,1.5,0,1600,1278,1000,6.299813503015679,3,13.575117370892018,0.013575117370892018,0.9897958960583598,0.20428525685133625,0.38544600938966944,2.2837245696400617,,0.9564751450428466,False,
driver_effects,driver_effects,1.5,1,1600,1280,1000,6.258922917543721,6,10.0390625,0.0100390625,1.350387363679447,0.3940849734006642,0.41390624999999914,2.08703125,,0.5833018297693714,False,
driver_effects,driver_effects,1.5,2,1600,1256,1000,6.274541501833811,5,11.211783439490446,0.011211783439490447,1.5384651032105967,0.23044470617769797,0.3186305732484048,2.1746815286624197,,0.6725142307879116,False,
driver_effects,driver_effects,2.0,0,1600,1266,1000,6.3701865474611115,3,8.002369668246445,0.008002369668246445,1.551763460527681,0.41674069223294175,0.3770932069510247,2.084360189573461,,0.3660914965507004,False,
driver_effects,driver_effects,2.0,1,1600,1254,1000,6.325565309949504,3,8.99920255183413,0.00899920255183413,1.4233781390641573,0.4953042875214646,0.42456140350877064,2.1156299840510346,,0.6906147562943323,False,
driver_effects,driver_effects,2.0,2,1600,1258,1000,6.482968996755088,4,9.827503974562799,0.009827503974562798,1.1714589544737126,0.44834900901047525,0.37758346581875785,2.031001589825122,,0.8542489969695984,False,
driver_effects,driver_effects,3.0,0,1600,1268,1000,6.425492393206576,4,11.543375394321767,0.011543375394321768,1.4496959589313525,0.3906766557722081,0.319873817034698,2.2451104100946386,,0.9434201104776128,False,
driver_effects,driver_effects,3.0,1,1600,1258,1000,6.397689613579097,2,11.46422893481717,0.01146422893481717,1.1713989928886968,0.15423965572125442,0.3616852146263886,2.1659777424483324,,0.959925143007678,False,
driver_effects,driver_effects,3.0,2,1600,1254,1000,6.43894191562692,4,8.491228070175438,0.008491228070175438,1.5732918213528093,0.2456455784196797,0.3095693779904288,2.0623604465709757,,0.8858442608026966,False,
prop_driver,prop_driver,0.0,0,1600,814,1000,6.114335250457872,5,8.824324324324325,0.008824324324324324,,0.46835091627618264,0.3906633906633899,1.9879606879606855,,0.7191679905229249,False,
prop_driver,prop_driver,0.0,1,1600,842,1000,6.0593865332322,4,7.963182897862233,0.007963182897862233,,0.4286919628352107,0.35748218527315845,1.9655581947743481,,0.7693557516277385,False,
prop_driver,prop_driver,0.0,2,1600,820,1000,6.0746285116945185,4,8.897560975609757,0.008897560975609757,,0.12168925328410873,0.5341463414634158,1.796341463414631,,0.5689499640315665,False,
prop_driver,prop_driver,0.05,0,1600,1274,1000,6.113285520485336,7,14.934850863422293,0.014934850863422293,1.498857435707125,0.2486310536387082,0.48477237048665595,2.076452119309262,,0.890088043029988,False,
prop_driver,prop_driver,0.05,1,1600,1278,1000,6.0597252864793205,8,13.125978090766823,0.013125978090766823,1.5789311132624662,0.3733779967281229,0.48200312989045374,2.046322378716744,,0.9669321550169995,False,
prop_driver,prop_driver,0.05,2,1600,1288,1000,6.131908721286972,7,15.077639751552795,0.015077639751552794,1.65801253318484,0.33135253746041626,0.4650621118012418,2.0659937888198745,,0.9517252092474079,False,
prop_driver,prop_driver,0.1,0,1600,1266,1000,6.3701865474611115,3,8.002369668246445,0.008002369668246445,1.551763460527681,0.41674069223294175,0.3770932069510247,2.084360189573461,,0.3660914965507004,False,
prop_driver,prop_driver,0.1,1,1600,1254,1000,6.325565309949504,3,8.99920255183413,0.00899920255183413,1.4233781390641573,0.4953042875214646,0.42456140350877064,2.1156299840510346,,0.6906147562943323,False,
prop_driver,prop_driver,0.1,2,1600,1258,1000,6.482968996755088,4,9.827503974562799,0.009827503974562798,1.1714589544737126,0.44834900901047525,0.37758346581875785,2.031001589825122,,0.8542489969695984,False,
prop_driver,prop_driver,0.3,0,1600,1260,1000,6.391923215744775,2,9.975396825396825,0.009975396825396825,1.0229327649975763,0.10021409792999514,0.3499999999999978,2.1106349206349226,,0.8548946309828591,False,
prop_driver,prop_driver,0.3,1,1600,1266,1000,6.378527014329173,3,10.368878357030015,0.010368878357030015,0.7923959847532835,0.2459950227909783,0.33759873617693303,2.1611374407582913,,0.46468631120995674,False,
prop_driver,prop_driver,0.3,2,1600,1280,1000,6.3877421028292405,3,10.84375,0.01084375,1.1656257151673008,0.1476375791159824,0.28937499999999766,2.0775,,0.9344336611437031,False,
prop_driver,prop_driver,0.6,0,1600,1274,1000,6.477840022259595,3,11.119309262166405,0.011119309262166406,1.7276585229312351,0.24046599239072675,0.30266875981161523,1.9916797488226081,,0.8927214168751456,False,
prop_driver,prop_driver,0.6,1,1600,1276,1000,6.5540423478524845,2,13.918495297805643,0.013918495297805642,1.6216233928345787,0.3578058006616235,0.3507836990595593,2.0015673981191244,,0.889405987858594,False,
prop_driver,prop_driver,0.6,2,1600,1274,1000,6.489683429314155,3,12.614599686028258,0.01261459968602826,1.5853742830846582,0.26381156070272993,0.32166405023547634,2.112244897959182,,0.9601855818727438,False,
carrying_capacity,carrying_capacity,1.0,0,1600,0,1000,0.0,0,0.0,0.0,,,,,,,True,extinct
carrying_capacity,carrying_capacity,1.0,1,1600,1504,1000,6.403440286262811,3,16.857047872340427,0.016857047872340426,1.5840772587403567,0.49464086819247255,0.31954787234042276,2.1966755319148925,,0.694977470402801,False,
carrying_capacity,carrying_capacity,1.0,2,1600,1516,1000,6.243935948226401,8,18.00461741424802,0.018004617414248022,0.8453228644566412,0.38694726739213603,0.30910290237466714,2.361345646437992,,0.923464116516677,False,
carrying_capacity,carrying_capacity,2.0,0,1600,1409,1000,6.336507398337373,5,15.615330021291696,0.015615330021291696,1.5385860329260634,0.26817234624829156,0.3294535131298767,2.1982966643009196,,0.776285431294868,False,
carrying_capacity,carrying_capacity,2.0,1,1600,1435,1000,6.3308044265477825,6,18.445993031358885,0.018445993031358885,0.7962491230408947,0.4945980661270968,0.33839721254355126,2.363623693379787,,0.93723708820025,False,
carrying_capacity,carrying_capacity,2.0,2,1600,1415,1000,6.2824505765210095,7,20.168197879858656,0.020168197879858657,0.8215449274988011,0.40638164963989587,0.3403533568904562,2.4002826855123662,,0.9348089263605495,False,
carrying_capacity,carrying_capacity,5.0,0,1600,1220,1000,6.17484065858042,6,18.068852459016394,0.018068852459016394,1.325042790255842,0.33757740555605387,0.40147540983606417,2.3996721311475433,,0.7991528331627283,False,
carrying_capacity,carrying_capacity,5.0,1,1600,1230,1000,6.178139507366833,5,17.797560975609755,0.017797560975609757,1.3005728141924158,0.29092388950666204,0.4052032520325186,2.3752845528455286,,0.7354270395052582,False,
carrying_capacity,carrying_capacity,5.0,2,1600,1170,1000,6.15853115887259,7,10.246153846153845,0.010246153846153846,1.7074055794555854,0.324566465402499,0.3936752136752118,2.054700854700853,,0.5122549508103558,False,
carrying_capacity,carrying_capacity,10.0,0,1600,1018,1000,6.080391076444366,5,16.43123772102161,0.01643123772102161,0.9840315054222235,0.3806992356968155,0.3532416502946937,2.3243614931237753,,0.8540962812473103,False,
carrying_capacity,carrying_capacity,10.0,1,1600,972,1000,5.969764249804095,8,10.871399176954732,0.010871399176954732,1.4455854165663156,0.36236785737347266,0.3059670781892991,2.215637860082308,,0.9086142841101452,False,
carrying_capacity,carrying_capacity,10.0,2,1600,960,1000,6.034110043549445,7,10.117708333333333,0.010117708333333333,1.3598193521246253,0.5319582708786994,0.3799999999999985,2.1431250000000075,,0.9004522155666633,False,
carrying_capacity,carrying_capacity,20.0,0,1600,882,1000,5.948094838851123,9,15.414965986394558,0.015414965986394557,1.0152786216621315,0.5119745006910124,0.32358276643990774,2.2603174603174696,,0.9347526529500468,False,
carrying_capacity,carrying_capacity,20.0,1,1600,836,1000,5.719629128522444,10,12.687799043062201,0.012687799043062201,1.128643492548101,0.5187294677927408,0.47320574162679413,2.124641148325363,,0.9274313930964934,False,
carrying_capacity,carrying_capacity,20.0,2,1600,830,1000,5.934042165678459,8,14.234939759036145,0.014234939759036145,1.1424196962680073,0.5298793486185095,0.340963855421686,2.24361445783133,,0.9574867763907923,False,
grid_size,grid_size,8.0,0,1600,1220,1000,6.2230248036855205,7,16.69016393442623,0.016690163934426232,1.3626564283222204,0.26149509481230027,0.3875409836065553,2.387049180327867,,0.7670231819680022,False,
grid_size,grid_size,8.0,1,1600,1212,1000,6.1938571957709865,9,16.836633663366335,0.016836633663366334,1.3444413218470335,0.28862474410234085,0.3886138613861366,2.3640264026402646,,0.7704033222837775,False,
grid_size,grid_size,8.0,2,1600,1172,1000,6.15264439588424,6,10.140784982935154,0.010140784982935153,1.6832878481304216,0.27120264535516936,0.39402730375426426,2.039761092150172,,0.4534508872335393,False,
grid_size,grid_size,12.0,0,1600,1220,1000,6.193819728343138,8,18.33360655737705,0.01833360655737705,1.306336887357957,0.3614974588017441,0.3991803278688507,2.41016393442623,,0.7870602692325097,False,
grid_size,grid_size,12.0,1,1600,1214,1000,6.175702900566948,6,17.989291598023065,0.017989291598023066,1.3010471398985404,0.29174100184716323,0.4062602965403605,2.3746293245469525,,0.7230200451407227,False,
grid_size,grid_size,12.0,2,1600,1170,1000,6.15853115887259,7,10.246153846153845,0.010246153846153846,1.7074055794555854,0.324566465402499,0.3936752136752118,2.054700854700853,,0.5122549508103558,False,
grid_size,grid_size,16.0,0,1600,1220,1000,6.17484065858042,6,18.068852459016394,0.018068852459016394,1.325042790255842,0.33757740555605387,0.40147540983606417,2.3996721311475433,,0.7991528331627283,False,
grid_size,grid_size,16.0,1,1600,1230,1000,6.178139507366833,5,17.797560975609755,0.017797560975609757,1.3005728141924158,0.29092388950666204,0.4052032520325186,2.3752845528455286,,0.7354270395052582,False,
grid_size,grid_size,16.0,2,1600,1170,1000,6.15853115887259,7,10.246153846153845,0.010246153846153846,1.7074055794555854,0.324566465402499,0.3936752136752118,2.054700854700853,,0.5122549508103558,False,
grid_size,grid_size,22.0,0,1600,1220,1000,6.17484065858042,6,18.068852459016394,0.018068852459016394,1.325042790255842,0.33757740555605387,0.40147540983606417,2.3996721311475433,,0.7991528331627283,False,
grid_size,grid_size,22.0,1,1600,1230,1000,6.178139507366833,5,17.797560975609755,0.017797560975609757,1.3005728141924158,0.29092388950666204,0.4052032520325186,2.3752845528455286,,0.7354270395052582,False,
grid_size,grid_size,22.0,2,1600,1170,1000,6.15853115887259,7,10.246153846153845,0.010246153846153846,1.7074055794555854,0.324566465402499,0.3936752136752118,2.054700854700853,,0.5122549508103558,False,
grid_size,grid_size,30.0,0,1600,1220,1000,6.17484065858042,6,18.068852459016394,0.018068852459016394,1.325042790255842,0.33757740555605387,0.40147540983606417,2.3996721311475433,,0.7991528331627283,False,
grid_size,grid_size,30.0,1,1600,1230,1000,6.178139507366833,5,17.797560975609755,0.017797560975609757,1.3005728141924158,0.29092388950666204,0.4052032520325186,2.3752845528455286,,0.7354270395052582,False,
grid_size,grid_size,30.0,2,1600,1170,1000,6.15853115887259,7,10.246153846153845,0.010246153846153846,1.7074055794555854,0.324566465402499,0.3936752136752118,2.054700854700853,,0.5122549508103558,False,
amp_prob,amp_prob,0.2,0,1600,1216,1000,6.1938734274522504,7,7.360197368421052,0.007360197368421052,1.0875017553868171,0.44187787944216494,0.5422697368421044,2.0245065789473697,,0.8235248161721741,False,
amp_prob,amp_prob,0.2,1,1600,1218,1000,6.19412074935809,6,8.35303776683087,0.00835303776683087,1.096095570054852,0.22816069915983228,0.5252873563218392,2.115270935960595,,0.7288064114142891,False,
amp_prob,amp_prob,0.2,2,1600,1210,1000,6.063664958212357,5,4.56694214876033,0.0045669421487603305,0.11913150774704986,0.24168684940022567,0.6712396694214858,1.7120661157024804,,0.8644728294544384,False,
amp_prob,amp_prob,0.5,0,1600,1212,1000,6.226618107659075,7,6.767326732673268,0.006767326732673267,1.419185765347566,0.38284914424410654,0.5199669966996698,2.409075907590759,,0.6082186083006602,False,
amp_prob,amp_prob,0.5,1,1600,1174,1000,6.232394905008525,5,5.163543441226576,0.005163543441226576,1.8465710858670759,0.24049449562802194,0.4904599659284501,2.2807495741056227,,0.8391896899002391,False,
amp_prob,amp_prob,0.5,2,1600,1216,1000,5.9792044159989235,7,3.28125,0.00328125,0.19307651376586293,0.3563295398300721,0.638157894736841,1.98700657894737,,0.7867793217232057,False,
amp_prob,amp_prob,0.8,0,1600,1176,1000,6.338421920870925,3,6.789965986394558,0.006789965986394557,1.5668999134722672,0.3656332650638031,0.5037414965986405,2.6768707482993217,,0.798809936266921,False,
amp_prob,amp_prob,0.8,1,1600,1230,1000,6.299993409648591,7,7.622764227642277,0.007622764227642276,1.4476388207435977,0.32695472076381804,0.4946341463414636,2.714796747967481,,0.6845846361236346,False,
amp_prob,amp_prob,0.8,2,1600,1228,1000,6.261566425344942,8,5.140065146579804,0.005140065146579804,0.24385336160522186,0.4079651562642468,0.5500000000000008,2.3516286644951157,,0.6359607725260914,False,
amp_prob,amp_prob,0.95,0,1600,1196,1000,6.382568338535119,3,4.4657190635451505,0.004465719063545151,1.5607283052460448,0.33719690818042247,0.5167224080267564,2.9545150501672253,,0.8918681414688431,False,
amp_prob,amp_prob,0.95,1,1600,1196,1000,6.235888692806201,3,7.882943143812709,0.00788294314381271,1.5100393582770646,0.08843383631462853,0.5339464882943155,2.969397993311036,,0.6594213333232262,True,well_mixed
amp_prob,amp_prob,0.95,2,1600,1232,1000,6.250881233063671,4,6.992694805194805,0.006992694805194806,1.5867552234593547,0.21957577761780767,0.5456168831168833,3.0030844155844183,,0.7832282001747928,False,
amp_prob,amp_prob,1.0,0,1600,1240,1000,6.291725941373521,7,3.132258064516129,0.003132258064516129,0.9361939557419259,0.2980871023645758,0.5295161290322589,3.1854838709677415,,0.7432298366428469,False,
amp_prob,amp_prob,1.0,1,1600,1228,1000,6.356754288623038,4,2.3802931596091206,0.0023802931596091205,2.095430591137132,0.1454699069599622,0.6516286644951129,3.3631921824104243,,0.4989392629828403,False,
amp_prob,amp_prob,1.0,2,1600,1256,1000,6.298709774967405,6,2.838375796178344,0.002838375796178344,1.6637148866060436,0.2675066071420946,0.5286624203821664,3.0949044585987298,,0.6663205436273445,False,
max_cn,max_cn,4.0,0,1600,1222,1000,6.787527559271954,0,8.812602291325696,0.008812602291325695,1.3779981545116775,,0.6414075286415717,3.326841243862524,,0.9417418886158195,False,
max_cn,max_cn,4.0,1,1600,1238,1000,6.799630856330136,0,7.5016155088852985,0.007501615508885298,1.4245674648504105,,0.6390953150242324,3.2915993537964483,,0.9439636479116386,False,
max_cn,max_cn,4.0,2,1600,1222,1000,6.764072201018052,0,7.87315875613748,0.00787315875613748,1.4828641164645666,,0.6574468085106375,3.399509001636661,,0.8908931740628768,False,
max_cn,max_cn,6.0,0,1600,1222,1000,6.787527559271954,0,8.812602291325696,0.008812602291325695,1.3779981545116775,,0.6414075286415717,3.326841243862524,,0.9417418886158195,False,
max_cn,max_cn,6.0,1,1600,1238,1000,6.799630856330136,0,7.5016155088852985,0.007501615508885298,1.4245674648504105,,0.6390953150242324,3.2915993537964483,,0.9439636479116386,False,
max_cn,max_cn,6.0,2,1600,1222,1000,6.764072201018052,0,7.87315875613748,0.00787315875613748,1.4828641164645666,,0.6574468085106375,3.399509001636661,,0.8908931740628768,False,
max_cn,max_cn,10.0,0,1600,1222,1000,6.787527559271954,0,8.812602291325696,0.008812602291325695,1.3779981545116775,,0.6414075286415717,3.326841243862524,,0.9417418886158195,False,
max_cn,max_cn,10.0,1,1600,1238,1000,6.799630856330136,0,7.5016155088852985,0.007501615508885298,1.4245674648504105,,0.6390953150242324,3.2915993537964483,,0.9439636479116386,False,
max_cn,max_cn,10.0,2,1600,1222,1000,6.764072201018052,0,7.87315875613748,0.00787315875613748,1.4828641164645666,,0.6574468085106375,3.399509001636661,,0.8908931740628768,False,
max_cn,max_cn,16.0,0,1600,1222,1000,6.787527559271954,0,8.812602291325696,0.008812602291325695,1.3779981545116775,,0.6414075286415717,3.326841243862524,,0.9417418886158195,False,
max_cn,max_cn,16.0,1,1600,1238,1000,6.799630856330136,0,7.5016155088852985,0.007501615508885298,1.4245674648504105,,0.6390953150242324,3.2915993537964483,,0.9439636479116386,False,
max_cn,max_cn,16.0,2,1600,1222,1000,6.764072201018052,0,7.87315875613748,0.00787315875613748,1.4828641164645666,,0.6574468085106375,3.399509001636661,,0.8908931740628768,False,
max_cn,max_cn,24.0,0,1600,1222,1000,6.787527559271954,0,8.812602291325696,0.008812602291325695,1.3779981545116775,,0.6414075286415717,3.326841243862524,,0.9417418886158195,False,
max_cn,max_cn,24.0,1,1600,1238,1000,6.799630856330136,0,7.5016155088852985,0.007501615508885298,1.4245674648504105,,0.6390953150242324,3.2915993537964483,,0.9439636479116386,False,
max_cn,max_cn,24.0,2,1600,1222,1000,6.764072201018052,0,7.87315875613748,0.00787315875613748,1.4828641164645666,,0.6574468085106375,3.399509001636661,,0.8908931740628768,False,
hypoxia_diffusion,o2_diffusion,0.3,0,1000,854,1000,5.8540275840693194,9,18.302107728337237,0.018302107728337236,0.9557806481940292,0.3281299409226054,0.3629976580796244,2.4466042154566736,0.3826736681047438,0.9212089005758098,False,
hypoxia_diffusion,o2_diffusion,0.3,1,1000,850,1000,5.755741710198155,10,21.07764705882353,0.02107764705882353,0.8881153657996345,0.31073945344665754,0.3070588235294113,2.388705882352944,0.34426809137470715,0.9573692472161047,False,
hypoxia_diffusion,o2_diffusion,0.3,2,1000,844,1000,5.78549783007,12,19.619668246445496,0.019619668246445496,1.103524713592356,0.4267230803756277,0.30829383886255923,2.4023696682464526,0.3219443282282163,0.9000679239628452,False,
hypoxia_diffusion,o2_diffusion,1.0,0,1000,854,1000,5.8540275840693194,9,18.302107728337237,0.018302107728337236,0.9557806481940292,0.3281299409226054,0.3629976580796244,2.4466042154566736,0.3575076414962427,0.9212089005758098,False,
hypoxia_diffusion,o2_diffusion,1.0,1,1000,850,1000,5.755741710198155,10,21.07764705882353,0.02107764705882353,0.8881153657996345,0.31073945344665754,0.3070588235294113,2.388705882352944,0.34283513413629363,0.9573692472161047,False,
hypoxia_diffusion,o2_diffusion,1.0,2,1000,844,1000,5.78549783007,12,19.619668246445496,0.019619668246445496,1.103524713592356,0.4267230803756277,0.30829383886255923,2.4023696682464526,0.32721879284676003,0.9000679239628452,False,
hypoxia_diffusion,o2_diffusion,3.0,0,1000,854,1000,5.8540275840693194,9,18.302107728337237,0.018302107728337236,0.9557806481940292,0.3281299409226054,0.3629976580796244,2.4466042154566736,0.29055753558072805,0.9212089005758098,False,
hypoxia_diffusion,o2_diffusion,3.0,1,1000,850,1000,5.755741710198155,10,21.07764705882353,0.02107764705882353,0.8881153657996345,0.31073945344665754,0.3070588235294113,2.388705882352944,0.30133792285323346,0.9573692472161047,False,
hypoxia_diffusion,o2_diffusion,3.0,2,1000,844,1000,5.78549783007,12,19.619668246445496,0.019619668246445496,1.103524713592356,0.4267230803756277,0.30829383886255923,2.4023696682464526,0.2902503010805715,0.9000679239628452,False,
hypoxia_diffusion,o2_diffusion,10.0,0,1000,854,1000,5.8540275840693194,9,18.302107728337237,0.018302107728337236,0.9557806481940292,0.3281299409226054,0.3629976580796244,2.4466042154566736,0.18184959581216031,0.9212089005758098,False,
hypoxia_diffusion,o2_diffusion,10.0,1,1000,850,1000,5.755741710198155,10,21.07764705882353,0.02107764705882353,0.8881153657996345,0.31073945344665754,0.3070588235294113,2.388705882352944,0.20361120798232202,0.9573692472161047,False,
hypoxia_diffusion,o2_diffusion,10.0,2,1000,844,1000,5.78549783007,12,19.619668246445496,0.019619668246445496,1.103524713592356,0.4267230803756277,0.30829383886255923,2.4023696682464526,0.1992321434742218,0.9000679239628452,False,
hypoxia_diffusion,o2_diffusion,40.0,0,1000,854,1000,5.8540275840693194,9,18.302107728337237,0.018302107728337236,0.9557806481940292,0.3281299409226054,0.3629976580796244,2.4466042154566736,0.07547643798186598,0.9212089005758098,False,
hypoxia_diffusion,o2_diffusion,40.0,1,1000,850,1000,5.755741710198155,10,21.07764705882353,0.02107764705882353,0.8881153657996345,0.31073945344665754,0.3070588235294113,2.388705882352944,0.0893861485506362,0.9573692472161047,False,
hypoxia_diffusion,o2_diffusion,40.0,2,1000,844,1000,5.78549783007,12,19.619668246445496,0.019619668246445496,1.103524713592356,0.4267230803756277,0.30829383886255923,2.4023696682464526,0.0892524106431759,0.9000679239628452,False,
hypoxia_diffusion,o2_diffusion,120.0,0,1000,854,1000,5.8540275840693194,9,18.302107728337237,0.018302107728337236,0.9557806481940292,0.3281299409226054,0.3629976580796244,2.4466042154566736,0.04331018108136531,0.9212089005758098,True,no_gradient
hypoxia_diffusion,o2_diffusion,120.0,1,1000,850,1000,5.755741710198155,10,21.07764705882353,0.02107764705882353,0.8881153657996345,0.31073945344665754,0.3070588235294113,2.388705882352944,0.0529547863391675,0.9573692472161047,False,
hypoxia_diffusion,o2_diffusion,120.0,2,1000,844,1000,5.78549783007,12,19.619668246445496,0.019619668246445496,1.103524713592356,0.4267230803756277,0.30829383886255923,2.4023696682464526,0.05388257594601664,0.9000679239628452,False,
